<?xml version="1.0" encoding="UTF-8" standalone="yes"?>
<addon id="plugin.video.tilt.tv" name="Tilt.TV" version="0.1" provider-name="Jani Mikkonen">
  <requires>
    <import addon="xbmc.python" version="2.0"/>
    <import addon="script.module.xbmcswift2" version="1.1.1"/>
  </requires>
  <extension point="xbmc.python.pluginsource" library="addon.py">
    <provides>video</provides>
  </extension>
  <extension point="xbmc.addon.metadata">
    <platform>all</platform>
    <language></language>
    <summary>Summary for Tilt.TV</summary>
    <description>Description for Tilt.TV</description>
  </extension>
</addon>
